The Godfather,Drama,Crime,,,,,
Pulp Fiction,Drama,Action,Crime,,,,
Inception,Sci-Fi,Action,Thriller,,,,
The Matrix,Sci-Fi,Action,Cyberpunk,,,,
Gladiator,Action,History,Drama,,,,
Titanic,Drama,Romance,History,,,,
The Lion King,Animation,Family,Music,,,,
The Dark Knight,Action,Crime,Drama,Superhero,,,
Schindler's List,History,Drama,War,,,,
Forrest Gump,Drama,Romance,Comedy,,,,
Star Wars: A New Hope,Sci-Fi,Fantasy,Space,,,,
Back to the Future,Sci-Fi,Comedy,Adventure,,,,
The Silence of the Lambs,Horror,Thriller,Crime,,,,
Jurassic Park,Sci-Fi,Adventure,Thriller,,,,
Toy Story,Animation,Comedy,Family,,,,
The Lord of the Rings,Fantasy,Epic,Adventure,,,,
Blade Runner 2049,Sci-Fi,Cyberpunk,Dystopia,,,,
The Green Mile,Drama,Crime,Supernatural,,,,
Parasite,Drama,Thriller,Satire,,,,
Spirited Away,Animation,Fantasy,Adventure,,,,
Escape from Star,satire,sitcom,lighthearted,standup,funny,,
Under the Empire,scary,monster,slasher,dark,,,
Across Robot,historical,true-story,war,period-piece,,,
Shadow Origins,superhero,suspense,thriller,chase,,,
Mission Sword,quest,fantasy,epic,sword,supernatural,,
Ocean Origins,serious,emotional,drama,family,character-driven,intense,conflict
The Last Infinity,family-friendly,colorful,kids,imaginary,cartoon,creative,anime
Secret of Ocean,true-story,biography,monarchy,historical,war,,
Lost Ocean,colorful,imaginary,cartoon,animation,kids,anime,creative
Void Chronicles,war,historical,history,period-piece,monarchy,,
Silent Void,dark,slasher,psychological,horror,,,
Search for Ghost,family,drama,society,conflict,emotional,,
Planet Chronicles,quest,fantasy,dragon,sword,magic,,
Legend of City,anime,cartoon,kids,animation,creative,colorful,
Dark Titan,fantasy,dragon,epic,supernatural,,,
The Great Titan,dystopia,technology,alien,space,science,adventure,fiction
The Great Island,biography,history,war,historical,political,period-piece,
Fire Chronicles,blood,dark,slasher,monster,psychological,,
The Warrior Legacy,anime,family-friendly,imaginary,kids,,,
Silent Dream,animation,colorful,kids,family-friendly,,,
Empire Protocol,emotional,society,intense,family,character-driven,conflict,
The Great Matrix,anime,family-friendly,cartoon,animation,colorful,creative,
Secret of Shadow,dark,supernatural,monster,horror,slasher,,
Beyond Dream,kids,creative,colorful,animation,cartoon,imaginary,
Rise of Ghost,comedy,sitcom,funny,lighthearted,,,
Search for Island,society,intense,family,drama,emotional,serious,character-driven
Silent Matrix,mythology,magic,sword,dragon,fantasy,supernatural,quest
Lost Shadow,emotional,character-driven,intense,serious,family,drama,
Gladiator Chronicles,fiction,space,technology,science,dystopia,future,
The Void Legacy,political,biography,history,historical,monarchy,period-piece,true-story
Dawn of Storm,lighthearted,funny,satire,comedy,parody,,
Journey to Ice,sword,fantasy,epic,quest,mythology,,
Legend of Void,alien,technology,adventure,dystopia,future,space,science
Wild War,adventure,science,space,alien,future,dystopia,
Dark War,epic,dragon,fantasy,mythology,magic,quest,
Wild Fire,space,fiction,technology,adventure,science,alien,future
Dark Desert,history,historical,war,true-story,monarchy,,
Wild Ocean,standup,humor,lighthearted,parody,comedy,satire,sitcom
Legend of Galaxy,true-story,historical,monarchy,biography,period-piece,history,war
Mission Galaxy,lighthearted,satire,standup,humor,sitcom,parody,
The City Legacy,adventure,alien,fiction,science,future,technology,space
Return of the Queen,emotional,serious,character-driven,society,drama,conflict,
Under the Star,satire,lighthearted,humor,sitcom,,,
The Light Legacy,slasher,psychological,supernatural,dark,blood,,
Dark Ghost,dark,psychological,slasher,blood,,,
Across Galaxy,war,monarchy,history,biography,,,
Lost Kingdom,creative,kids,colorful,imaginary,family-friendly,,
Return of the Storm,colorful,imaginary,family-friendly,creative,cartoon,animation,anime
Revenge of Island,space,alien,dystopia,science,,,
Under the Ghost,humor,lighthearted,parody,comedy,sitcom,,
Matrix Origins,humor,comedy,standup,funny,satire,,
Secret of Light,lighthearted,comedy,humor,satire,funny,sitcom,
Escape from Ghost,superhero,fight,explosion,chase,action,heist,thriller
Dream Origins,technology,dystopia,adventure,science,space,alien,fiction
Silent Planet,political,historical,true-story,monarchy,war,biography,
Rise of City,animation,anime,kids,cartoon,imaginary,,
Journey to Galaxy,future,technology,fiction,space,,,
Lost Gladiator,kids,animation,imaginary,family-friendly,anime,,
Empire Nights,cartoon,colorful,imaginary,creative,animation,,
The Last Dream,psychological,slasher,monster,scary,,,
Rise of Matrix,true-story,historical,monarchy,biography,,,
Silent Titan,sitcom,comedy,parody,standup,,,
Return of the Gladiator,heist,explosion,superhero,chase,fight,thriller,
Total Warrior,humor,comedy,parody,lighthearted,funny,standup,sitcom
Silent Star,family,society,conflict,character-driven,intense,serious,emotional
Escape from Galaxy,fight,heist,suspense,thriller,,,
The Great Dream,heist,suspense,thriller,chase,,,
Legend of Ghost,alien,science,space,technology,adventure,future,fiction
Total Sword,animation,cartoon,anime,imaginary,kids,family-friendly,
Final Titan,parody,comedy,satire,sitcom,funny,standup,lighthearted
Secret of Gladiator,monarchy,historical,history,biography,,,
Escape from Queen,parody,standup,humor,lighthearted,satire,,
Across Planet,history,true-story,biography,monarchy,war,period-piece,
Secret of Ice,creative,cartoon,kids,colorful,animation,,
Escape from Desert,blood,monster,supernatural,dark,horror,,
Search for Hero,standup,humor,funny,sitcom,comedy,,
Ice Origins,blood,scary,dark,horror,supernatural,monster,slasher
Legend of Shadow,dragon,quest,epic,fantasy,magic,,
Dawn of Dragon,fiction,space,alien,dystopia,adventure,,
Rise of Ocean,funny,humor,parody,standup,comedy,satire,lighthearted
Across Star,blood,monster,psychological,horror,dark,supernatural,slasher
Journey to Star,war,monarchy,biography,history,historical,,
The Last Gladiator,suspense,heist,explosion,action,,,
Total Ocean,animation,imaginary,anime,cartoon,creative,,
Total King,technology,fiction,alien,space,future,dystopia,
The Great Queen,horror,dark,supernatural,scary,,,
Empire Chronicles,supernatural,mythology,sword,dragon,magic,,
Revenge of Empire,parody,comedy,standup,humor,funny,lighthearted,satire
Project Robot,fight,heist,thriller,explosion,action,chase,
Search for Star,political,historical,true-story,period-piece,,,
Shadows of City,standup,comedy,satire,lighthearted,sitcom,funny,humor
Escape from Shadow,dragon,magic,quest,sword,,,
Return of the Kingdom,monarchy,political,war,historical,,,
Matrix Nights,political,biography,monarchy,historical,,,
Lost Fire,humor,lighthearted,satire,parody,comedy,,
Journey to Dream,conflict,intense,society,character-driven,family,emotional,
Beyond Infinity,action,heist,suspense,chase,fight,thriller,explosion
Wild Nightmare,supernatural,dark,slasher,horror,blood,,
Rise of Warrior,supernatural,fantasy,dragon,quest,,,
Total Empire,fiction,science,adventure,technology,dystopia,space,alien
Across Island,war,period-piece,political,history,,,
Desert Protocol,dragon,magic,mythology,quest,fantasy,,
Secret of Island,family-friendly,imaginary,kids,animation,cartoon,anime,
Robot Chronicles,history,war,true-story,period-piece,,,
Under the Titan,emotional,family,intense,character-driven,conflict,society,drama
Star Force,fight,thriller,chase,explosion,superhero,action,
The Hero Incident,serious,family,society,emotional,drama,conflict,
The Great Infinity,fiction,alien,science,space,dystopia,,
Wild Ghost,future,adventure,dystopia,science,,,
Dawn of Desert,fight,suspense,action,chase,thriller,superhero,explosion
Ice Force,alien,fiction,dystopia,space,future,,
Final Desert,science,adventure,technology,future,space,alien,
Dark Kingdom,monarchy,historical,political,true-story,period-piece,biography,war
Escape from Warrior,future,adventure,space,technology,,,
Dawn of Kingdom,history,period-piece,biography,monarchy,true-story,historical,war
Shadows of Desert,dragon,epic,supernatural,mythology,magic,,
Escape from Void,mythology,magic,sword,fantasy,supernatural,epic,
Wild Desert,supernatural,psychological,slasher,horror,monster,dark,scary
Search for Ice,anime,animation,creative,family-friendly,cartoon,colorful,imaginary
Revenge of Dream,standup,parody,satire,sitcom,humor,lighthearted,comedy
Mission Robot,historical,war,period-piece,history,monarchy,true-story,biography
Beyond Kingdom,supernatural,dragon,magic,quest,fantasy,mythology,sword
Rise of Void,thriller,action,heist,explosion,superhero,fight,suspense
Across Empire,dragon,magic,supernatural,fantasy,sword,epic,
Under the Light,epic,fantasy,dragon,sword,supernatural,,
The Great Warrior,quest,supernatural,fantasy,dragon,,,
Under the Queen,serious,character-driven,drama,society,,,
Journey to King,satire,parody,comedy,lighthearted,sitcom,humor,standup
Star Origins,alien,future,space,science,dystopia,,
Search for Void,magic,quest,epic,mythology,sword,,
Secret of War,technology,future,space,alien,adventure,dystopia,
Journey to Nightmare,blood,scary,psychological,horror,,,
The Dream Incident,political,history,true-story,war,,,
Lost Nightmare,supernatural,mythology,dragon,magic,epic,,
Ghost Force,parody,sitcom,comedy,standup,funny,satire,lighthearted
Total Planet,comedy,parody,lighthearted,sitcom,,,
Under the Ocean,war,true-story,history,historical,monarchy,period-piece,
Project Dream,mythology,fantasy,magic,epic,sword,dragon,
Final Empire,comedy,funny,sitcom,humor,parody,,
Ocean Force,scary,psychological,blood,dark,monster,,
The Last Nightmare,adventure,space,technology,future,dystopia,science,fiction
Project Sword,family,character-driven,serious,intense,emotional,conflict,society
Shadows of Planet,psychological,slasher,horror,monster,supernatural,blood,dark
Search for Queen,monster,psychological,scary,slasher,dark,horror,
Silent Ice,serious,drama,character-driven,emotional,society,family,conflict
The Warrior Incident,anime,family-friendly,kids,imaginary,cartoon,colorful,creative
The Great Planet,supernatural,psychological,blood,monster,,,
Project Ghost,space,future,technology,adventure,,,
Dark Queen,supernatural,blood,psychological,horror,scary,dark,
Wild Infinity,period-piece,monarchy,biography,political,war,true-story,history
Sword Force,historical,war,monarchy,political,period-piece,true-story,biography
The Nightmare Legacy,funny,parody,humor,comedy,lighthearted,sitcom,
Galaxy Force,satire,comedy,humor,parody,,,
Silent War,animation,family-friendly,creative,cartoon,,,
Rise of Desert,historical,history,biography,period-piece,war,true-story,political
Escape from Planet,parody,satire,funny,sitcom,standup,humor,
Lost King,kids,family-friendly,colorful,cartoon,creative,animation,anime
Wild Star,historical,period-piece,biography,war,,,
Silent Ghost,imaginary,kids,creative,cartoon,animation,anime,
Dark Galaxy,period-piece,monarchy,history,historical,political,true-story,
Legend of War,anime,family-friendly,colorful,cartoon,creative,,
Final Island,thriller,heist,explosion,chase,suspense,action,
Secret of Planet,mythology,supernatural,epic,magic,quest,dragon,sword
Shadows of Warrior,character-driven,serious,drama,emotional,,,
Mission Ocean,psychological,horror,dark,supernatural,,,
Dawn of Hero,dragon,supernatural,magic,sword,fantasy,mythology,epic
Beyond Gladiator,intense,conflict,serious,character-driven,drama,family,society
Storm Nights,blood,dark,horror,scary,psychological,,
The Great Fire,political,monarchy,history,biography,period-piece,true-story,
Silent Storm,quest,mythology,dragon,epic,,,
Legend of Matrix,war,political,history,true-story,,,
Dark Dragon,period-piece,biography,historical,political,history,,
Final Shadow,imaginary,animation,family-friendly,anime,,,
Desert Chronicles,sword,epic,magic,quest,fantasy,mythology,
Beyond Robot,suspense,action,heist,fight,,,
Star Chronicles,fight,chase,thriller,superhero,suspense,explosion,heist
Escape from Island,comedy,satire,humor,lighthearted,parody,sitcom,standup
Infinity Force,humor,sitcom,lighthearted,parody,satire,comedy,
Escape from Gladiator,period-piece,history,true-story,war,biography,political,historical
Across Storm,standup,lighthearted,sitcom,comedy,,,
War Nights,epic,quest,sword,magic,,,
Hero Force,heist,suspense,fight,superhero,action,chase,
Final Sword,colorful,cartoon,kids,imaginary,,,
The Great Shadow,colorful,cartoon,kids,creative,family-friendly,,
Silent Gladiator,suspense,thriller,chase,explosion,superhero,heist,action
Dawn of Robot,conflict,family,character-driven,society,intense,emotional,
Beyond King,intense,conflict,emotional,drama,society,family,serious
Silent Shadow,scary,psychological,supernatural,dark,monster,blood,slasher
Dark Void,monster,dark,slasher,psychological,scary,horror,supernatural
War Chronicles,animation,anime,kids,creative,,,
Secret of King,comedy,lighthearted,standup,humor,funny,,
The Dragon Legacy,future,technology,adventure,science,fiction,dystopia,
Secret of Matrix,political,war,historical,history,biography,true-story,monarchy
The Ghost Incident,thriller,suspense,heist,action,explosion,,
Secret of Queen,biography,history,historical,true-story,political,,
The Last Storm,dragon,magic,fantasy,mythology,,,
Wild Island,conflict,intense,family,emotional,character-driven,,
The Storm Incident,comedy,humor,satire,parody,funny,standup,
Beyond Dragon,sitcom,standup,funny,comedy,satire,lighthearted,
Dawn of Island,technology,science,future,adventure,,,
The Last Desert,dark,scary,supernatural,slasher,psychological,,
Shadows of Ghost,emotional,character-driven,drama,family,,,
Legend of Hero,kids,family-friendly,animation,colorful,imaginary,cartoon,anime
Under the Void,suspense,fight,explosion,superhero,thriller,,
War Protocol,conflict,serious,character-driven,drama,society,intense,
Across Titan,biography,historical,monarchy,political,history,war,
Search for Empire,thriller,suspense,fight,action,,,
Beyond Island,action,chase,thriller,heist,suspense,,
Return of the Shadow,sword,epic,fantasy,dragon,quest,,
Silent Light,conflict,society,intense,emotional,,,
Rise of Gladiator,horror,dark,supernatural,slasher,,,
Fire Origins,thriller,suspense,heist,explosion,,,
The Great Ice,biography,monarchy,political,historical,true-story,war,history
Beyond Shadow,family,intense,emotional,conflict,society,serious,drama
Legend of Gladiator,family,serious,conflict,intense,,,
Search for King,true-story,war,period-piece,biography,,,
Search for City,historical,political,period-piece,biography,,,
Titan Chronicles,future,science,fiction,space,alien,dystopia,
Final Storm,supernatural,slasher,scary,dark,psychological,blood,
Star Protocol,future,space,technology,fiction,science,dystopia,alien
Sword Chronicles,humor,parody,satire,funny,comedy,standup,sitcom
Total Infinity,intense,conflict,emotional,character-driven,serious,society,drama
Final Infinity,humor,standup,lighthearted,funny,parody,comedy,satire
Lost Dragon,epic,supernatural,quest,fantasy,magic,dragon,sword
Dark Light,family,emotional,society,serious,drama,conflict,intense
Search for Warrior,monarchy,true-story,history,historical,,,
Search for Galaxy,anime,imaginary,creative,colorful,kids,cartoon,family-friendly
The Great Kingdom,explosion,chase,heist,fight,action,superhero,thriller
Final Light,family-friendly,colorful,kids,cartoon,anime,animation,imaginary
Shadows of Galaxy,epic,dragon,supernatural,quest,sword,,
Rise of Sword,kids,family-friendly,animation,cartoon,creative,,
Queen Force,space,adventure,technology,science,future,fiction,dystopia
Dark Shadow,technology,future,space,adventure,,,
Void Protocol,emotional,society,character-driven,drama,family,conflict,serious
Final Queen,dragon,mythology,epic,sword,quest,supernatural,
Dark Planet,fantasy,dragon,magic,quest,,,
Legend of King,true-story,monarchy,historical,history,,,
The Dragon Incident,parody,humor,sitcom,satire,standup,funny,
Dark Warrior,character-driven,intense,family,conflict,serious,,
Legend of Kingdom,suspense,chase,action,thriller,heist,,
Legend of Sword,parody,lighthearted,comedy,standup,sitcom,,
Lost Ice,satire,humor,parody,lighthearted,standup,,
Journey to Light,funny,humor,satire,parody,standup,lighthearted,
Revenge of King,lighthearted,standup,sitcom,humor,funny,parody,
The Great Galaxy,action,superhero,chase,fight,suspense,,
Fire Protocol,family-friendly,imaginary,kids,animation,creative,cartoon,
Beyond Empire,humor,comedy,funny,lighthearted,,,
Mission Ghost,period-piece,history,true-story,political,monarchy,historical,
Revenge of Sword,technology,dystopia,space,future,alien,adventure,
Dragon Origins,dark,blood,horror,psychological,slasher,,
Across Ice,science,fiction,adventure,future,technology,alien,
City Protocol,superhero,chase,explosion,suspense,heist,action,thriller
Wild City,anime,kids,animation,imaginary,,,
The Great Hero,monarchy,war,period-piece,history,political,,
Return of the Empire,comedy,parody,funny,satire,lighthearted,,
Island Origins,true-story,political,monarchy,history,period-piece,historical,biography
Ghost Protocol,conflict,family,drama,society,serious,intense,
Legend of Warrior,standup,lighthearted,satire,parody,comedy,,
Beyond Galaxy,chase,thriller,superhero,explosion,action,fight,suspense
Under the Robot,fantasy,sword,epic,magic,supernatural,mythology,
Total War,heist,explosion,thriller,action,,,
Mission Shadow,action,explosion,suspense,heist,fight,chase,thriller
Mission Island,animation,creative,kids,cartoon,family-friendly,colorful,anime
Dark Ice,psychological,monster,supernatural,blood,scary,horror,dark
Journey to War,drama,conflict,serious,emotional,character-driven,,
Under the Fire,colorful,kids,cartoon,imaginary,family-friendly,animation,creative
Across Ghost,humor,standup,funny,lighthearted,parody,satire,comedy
Return of the Robot,biography,true-story,history,political,monarchy,period-piece,
Silent Nightmare,imaginary,creative,anime,animation,family-friendly,kids,cartoon
The Queen Legacy,biography,period-piece,history,historical,war,,
Mission Star,blood,horror,monster,psychological,,,
Project War,supernatural,monster,scary,slasher,horror,,
Across Ocean,comedy,funny,lighthearted,standup,,,
The Infinity Legacy,adventure,future,science,alien,fiction,,
Nightmare Chronicles,space,dystopia,alien,technology,fiction,,
Rise of Planet,family-friendly,creative,colorful,imaginary,,,
The Great Ghost,fantasy,sword,mythology,quest,,,
Final Warrior,creative,imaginary,animation,cartoon,family-friendly,anime,colorful
Return of the Fire,drama,character-driven,society,emotional,serious,,
Return of the King,thriller,action,explosion,superhero,,,
The Ice Incident,quest,supernatural,sword,dragon,epic,,
Dawn of Void,dystopia,future,fiction,alien,science,adventure,technology
Final Nightmare,fantasy,epic,dragon,mythology,,,
Across Hero,space,adventure,science,fiction,,,
Final Kingdom,suspense,fight,heist,superhero,,,
Journey to Matrix,epic,supernatural,fantasy,mythology,dragon,,
Secret of Star,epic,mythology,sword,dragon,supernatural,fantasy,magic
Revenge of Kingdom,biography,true-story,historical,history,period-piece,war,
Search for Gladiator,dark,scary,blood,slasher,,,
Planet Nights,lighthearted,parody,standup,sitcom,comedy,,
Across Warrior,heist,thriller,fight,chase,suspense,explosion,
Total Kingdom,conflict,intense,society,emotional,,,
Secret of Galaxy,magic,fantasy,dragon,mythology,quest,sword,
The Planet Legacy,true-story,history,political,monarchy,biography,historical,war
Final King,science,future,alien,dystopia,fiction,,
Wild Matrix,monarchy,period-piece,political,true-story,biography,,
Beyond Titan,mythology,sword,epic,dragon,magic,supernatural,fantasy
Kingdom Origins,sword,quest,dragon,magic,supernatural,fantasy,
The Queen Incident,political,biography,war,true-story,monarchy,,
Legend of Ocean,action,thriller,chase,explosion,,,
Across Matrix,sword,dragon,supernatural,fantasy,magic,mythology,
Journey to Dragon,horror,monster,psychological,scary,,,
Silent Hero,supernatural,dark,scary,psychological,,,
Lost Ghost,quest,dragon,sword,mythology,magic,supernatural,
Star Nights,heist,thriller,superhero,explosion,,,
Return of the Matrix,thriller,fight,chase,explosion,heist,superhero,
Total Dream,quest,magic,sword,supernatural,fantasy,,
Sword Origins,imaginary,kids,creative,colorful,,,
Shadows of Hero,thriller,explosion,action,heist,fight,,
Dragon Force,kids,creative,family-friendly,animation,,,
Silent Robot,suspense,action,fight,explosion,,,
Mission Void,supernatural,psychological,dark,monster,slasher,scary,
Shadow Chronicles,space,alien,future,fiction,technology,dystopia,adventure
Silent Island,satire,lighthearted,standup,funny,comedy,,
Revenge of Warrior,colorful,kids,imaginary,creative,,,
Search for Shadow,superhero,chase,explosion,action,,,
The Last Galaxy,technology,alien,adventure,space,future,,
The Titan Incident,blood,horror,monster,scary,supernatural,,
Project Fire,period-piece,war,historical,history,monarchy,,
Project King,supernatural,fantasy,quest,magic,epic,dragon,mythology
Search for Ocean,lighthearted,sitcom,parody,satire,humor,,
Shadows of Gladiator,quest,supernatural,magic,mythology,,,
The Great Ocean,epic,magic,dragon,mythology,fantasy,,
Ice Chronicles,fantasy,mythology,dragon,epic,magic,,
Across Queen,fiction,space,adventure,dystopia,technology,alien,future
Desert Nights,animation,kids,family-friendly,creative,cartoon,imaginary,colorful
Dream Nights,action,fight,heist,superhero,thriller,explosion,
Escape from Kingdom,suspense,superhero,thriller,chase,action,explosion,fight
Return of the Ghost,anime,colorful,family-friendly,imaginary,,,
Storm Force,satire,comedy,sitcom,parody,standup,humor,funny
Journey to Ghost,cartoon,imaginary,colorful,kids,family-friendly,,
War Origins,space,future,technology,fiction,alien,science,
The Sword Legacy,biography,history,war,period-piece,true-story,,
Storm Chronicles,period-piece,history,true-story,biography,war,monarchy,
Dawn of Ocean,fight,thriller,explosion,suspense,chase,,
Rise of Shadow,society,character-driven,family,emotional,conflict,serious,
Storm Protocol,epic,fantasy,mythology,magic,dragon,sword,quest
Silent Infinity,dragon,magic,mythology,sword,fantasy,supernatural,quest
Project City,satire,sitcom,comedy,humor,parody,,
Queen Nights,character-driven,serious,drama,conflict,,,
Beyond Ocean,period-piece,biography,historical,political,monarchy,,
Escape from Nightmare,history,biography,true-story,historical,,,
Galaxy Chronicles,monarchy,true-story,war,political,period-piece,,
Shadows of Infinity,comedy,sitcom,funny,parody,humor,lighthearted,
Rise of Light,comedy,standup,satire,parody,sitcom,,
Project Ocean,psychological,monster,supernatural,dark,blood,scary,slasher
Titan Nights,kids,animation,family-friendly,imaginary,creative,anime,colorful
Infinity Nights,colorful,family-friendly,animation,kids,creative,anime,
Secret of Hero,imaginary,kids,anime,animation,creative,colorful,
Ghost Origins,superhero,heist,explosion,chase,thriller,suspense,action
Lost Hero,true-story,biography,monarchy,political,period-piece,historical,
Hero Origins,character-driven,family,intense,emotional,society,serious,conflict
Lost Island,psychological,monster,supernatural,scary,blood,slasher,horror
Silent City,slasher,horror,supernatural,blood,dark,,
The Last Island,dragon,fantasy,quest,sword,epic,,
Project Titan,colorful,cartoon,animation,anime,kids,family-friendly,imaginary
Search for Light,biography,historical,period-piece,true-story,monarchy,,
The Great Nightmare,slasher,scary,psychological,supernatural,dark,monster,horror
Robot Nights,space,dystopia,adventure,future,,,
Legend of Island,heist,fight,action,explosion,suspense,chase,superhero
Search for Nightmare,creative,anime,kids,cartoon,,,
Lost Warrior,psychological,blood,scary,supernatural,horror,,
Total Gladiator,heist,chase,fight,superhero,,,
Under the Shadow,sword,mythology,quest,epic,,,
Total Queen,supernatural,fantasy,mythology,dragon,,,
The Great Light,monster,blood,horror,slasher,supernatural,,
Rise of Ice,monarchy,period-piece,political,true-story,history,historical,
Beyond Storm,chase,explosion,superhero,suspense,fight,action,thriller
Return of the Island,scary,monster,horror,blood,supernatural,,
Wild Titan,chase,thriller,action,heist,explosion,suspense,superhero
Across Dream,magic,fantasy,supernatural,epic,dragon,,
Dawn of City,lighthearted,parody,satire,sitcom,comedy,funny,
Rise of Island,fight,action,chase,thriller,explosion,superhero,heist
Mission Kingdom,animation,kids,anime,creative,cartoon,family-friendly,colorful
Legend of Titan,society,intense,conflict,character-driven,drama,serious,
Gladiator Force,science,space,adventure,alien,technology,dystopia,
Dawn of Queen,conflict,family,drama,emotional,,,
Escape from Robot,scary,slasher,psychological,supernatural,horror,blood,
The Last King,animation,kids,colorful,family-friendly,anime,imaginary,
Kingdom Force,comedy,funny,satire,parody,standup,humor,
Revenge of Nightmare,adventure,alien,space,fiction,,,
Gladiator Protocol,suspense,explosion,chase,heist,superhero,thriller,fight
Void Nights,action,heist,thriller,explosion,suspense,fight,
Return of the Ocean,comedy,sitcom,humor,lighthearted,,,
Under the Dragon,fight,suspense,explosion,superhero,,,
Revenge of Galaxy,monarchy,true-story,history,historical,war,political,
The Great Robot,supernatural,blood,monster,scary,,,
Search for Kingdom,future,space,dystopia,science,,,
Project Star,animation,colorful,anime,cartoon,creative,,
Shadows of Sword,period-piece,historical,biography,history,monarchy,true-story,political
Queen Origins,sitcom,funny,standup,lighthearted,,,
Secret of Infinity,technology,science,space,dystopia,future,,
Void Force,alien,space,future,adventure,,,
Legend of Queen,superhero,action,suspense,explosion,heist,fight,chase
The Shadow Legacy,mythology,magic,quest,dragon,sword,,
City Chronicles,action,explosion,heist,suspense,thriller,,
Mission Hero,sword,quest,supernatural,magic,,,
Search for Fire,parody,funny,comedy,satire,humor,,
Fire Force,epic,mythology,supernatural,dragon,quest,fantasy,
Revenge of Dragon,action,explosion,suspense,fight,heist,chase,superhero
Rise of Star,superhero,action,chase,suspense,heist,fight,thriller
Legend of Infinity,future,technology,fiction,adventure,,,
Lost Queen,family-friendly,animation,anime,kids,cartoon,imaginary,creative
The Gladiator Incident,animation,imaginary,colorful,creative,cartoon,anime,kids
Return of the Titan,emotional,conflict,society,drama,family,character-driven,serious
Light Nights,blood,scary,psychological,slasher,,,
Rise of Hero,satire,sitcom,humor,standup,lighthearted,funny,
City Nights,comedy,sitcom,funny,standup,,,
Revenge of Gladiator,heist,superhero,chase,fight,suspense,explosion,
The Last Dragon,magic,epic,fantasy,quest,,,
Project Dragon,kids,anime,creative,family-friendly,animation,,
Across Fire,funny,standup,satire,parody,comedy,sitcom,lighthearted
The Sword Incident,period-piece,political,biography,historical,true-story,,
Search for Dragon,standup,sitcom,lighthearted,parody,humor,,
Revenge of Shadow,horror,scary,supernatural,dark,,,
Under the King,war,period-piece,monarchy,biography,,,
Silent Queen,kids,anime,family-friendly,colorful,,,
Search for Matrix,sword,magic,supernatural,dragon,fantasy,epic,
Island Chronicles,heist,thriller,action,superhero,,,
Wild Shadow,historical,political,monarchy,true-story,period-piece,history,
Legend of Desert,standup,satire,lighthearted,comedy,funny,,
Search for Planet,emotional,family,drama,society,conflict,,
Mission Ice,dragon,sword,fantasy,magic,,,
Dark Nightmare,cartoon,colorful,anime,kids,,,
Beyond Queen,science,adventure,technology,dystopia,fiction,space,
Dark Matrix,dragon,fantasy,magic,mythology,epic,quest,
The Last Sword,technology,dystopia,adventure,future,science,alien,
Return of the Dragon,chase,action,heist,explosion,suspense,thriller,fight
Silent Sword,dark,blood,monster,scary,horror,psychological,
Shadows of Island,magic,mythology,sword,supernatural,epic,fantasy,
Wild Planet,fantasy,quest,sword,epic,,,
Mission Empire,horror,scary,slasher,supernatural,blood,,
Rise of Queen,parody,standup,satire,sitcom,lighthearted,humor,
Silent Empire,standup,humor,lighthearted,parody,sitcom,,
The Robot Incident,dark,monster,supernatural,slasher,,,
The Last Matrix,heist,action,superhero,explosion,,,
Legend of Fire,historical,true-story,political,monarchy,,,
Rise of Nightmare,technology,future,adventure,space,,,
Infinity Origins,suspense,thriller,action,explosion,superhero,chase,
Secret of Empire,dragon,mythology,fantasy,quest,magic,supernatural,sword
Beyond Hero,science,adventure,space,technology,fiction,,
Journey to Storm,fight,action,heist,superhero,thriller,chase,explosion
The Great Desert,intense,character-driven,drama,family,,,
The Ice Legacy,monarchy,war,biography,political,historical,period-piece,true-story
Escape from Ice,future,adventure,fiction,science,dystopia,alien,technology
Empire Force,monarchy,period-piece,biography,war,historical,history,
The Matrix Incident,intense,family,emotional,character-driven,,,
